<?xml version="1.0" encoding="UTF-8" standalone="yes"?>
<addon id="script.module.TVsupertuga" name="TVsupertuga Script" version="2.0.0" provider-name="TVsupertuga">
	<requires>
		<import addon="xbmc.python" version="2.1.0" />
		<import addon="script.module.requests" />
	</requires>
	<extension point="xbmc.python.module" library="lib" />
	<extension point="xbmc.addon.metadata">
		<platform>all</platform>
    <summary lang="pt">Dependency For TVsupertuga</summary>
    <description lang="pt">Dependency For TVsupertuga</description>
	<disclaimer lang="pt">Dependency For TVsupertuga</disclaimer>
	</extension>
</addon>
