<?xml version="1.0" encoding="UTF-8" standalone="yes"?>
<addon id="script.module.vortex" name="Script Vortex" version="1.0" provider-name="TVsupertuga">
  <requires>
    <import addon="script.module.requests" />
    <import addon="script.module.requests-cache" />
    <import addon="script.module.routing" />
  </requires>
  <extension point="xbmc.python.pluginsource" library="addon.py">
    <provides>all</provides>
  </extension>
  <extension point="xbmc.addon.metadata">
    <summary lang="en_gb">worldiptv  Dependency</summary>
    <description lang="en_gb">worldiptv Dependency</description>
    <disclaimer lang="en_gb"></disclaimer>
    <language></language>
    <platform>all</platform>
    <license></license>
    <forum></forum>
    <website></website>
    <email></email>
    <source>Requires Kodi 18 Leia</source>
  </extension>
</addon>

