<?xml version="1.0" encoding="UTF-8" standalone="yes"?>
<addon id="tvsupertuga.repository" name="[COLOR cyan]TV[/COLOR][COLOR red]supertuga[/COLOR].[COLOR limegreen]Repository[/COLOR]" version="0.0.9" provider-name="TVsupertuga">
    <extension point="xbmc.addon.repository" name="TVsupertuga Repository">
            <info compressed="false">http://tvsupertuga.xyz/tvsupertuga.repository/addons.xml</info>
            <checksum>http://tvsupertuga.xyz/tvsupertuga.repository/addons.xml.md5</checksum>
            <datadir zip="true">http://tvsupertuga.xyz/tvsupertuga.repository/instal/</datadir>
    </extension>
    <extension point="xbmc.addon.metadata">
		<summary lang="pt">TVsupertuga </summary>
		<description lang="pt">rdftgyhu</description>
		<forum>http://tvsupertuga.forum-gratuito.com/</forum>
		<website>https://www.facebook.com/TVsupertuga.PT/</website>		
        <platform>all</platform>
    </extension>
</addon>