<?xml version="1.0" encoding="UTF-8" standalone="yes"?>
<addon id="script.module.agenda" name="Agenda Desportiva" version="0.1" provider-name="Team TVsupertuga">
	<requires>
		<import addon="xbmc.python" version="2.1.0"/>
		<import addon="program.plexus" />
	</requires>
	<extension point="xbmc.python.pluginsource" library="addon.py">
		<provides>all</provides>
	</extension>
	<extension point="xbmc.addon.metadata">
		<summary>Agenda Desportiva</summary>
		<description>Agenda Desportiva para ArenaVision</description>
		<platform>all</platform>
		<license/>
		<forum/>
		<website/>
		<email>tvsupertuga@gmail.com</email>
		<source/>
	</extension>
</addon>
