<?xml version="1.0" encoding="UTF-8" standalone="yes"?>
<addon id="script.module.livetv" name="live TV Online" version="1.0" provider-name="Team tvsupertuga">
  <requires>
    <import addon="xbmc.python" version="2.26.0"/>
    <import addon="script.module.pycryptodome" />
    <import addon="script.module.requests" />
    <import addon="script.module.kodi-six" />
    <import addon="script.module.future" />
    <import addon="script.module.routing" />
  </requires>
  <extension point="xbmc.python.pluginsource" library="addon.py">
    <provides>all</provides>
  </extension>
  <extension point="xbmc.addon.metadata">
		<summary lang="pt">live TV Online </summary>
		<description lang="pt">[COLOR blue][B]
	
	                        Welcome to TVsupertuga
							
All these streams can be easily found over the internet...
We do not have any server or broadcast any kind of signal...
All these streams are the result of many hours 
of research over the Internet.
CHANNELS REQUESTS OR MORE INFORMATION PLEASE
SEND E MAIL: tvsupertuga@gmail.com[/B][/COLOR]</description>
		<platform>all</platform>
		<forum>http://forumtvsupertuga.xyz</forum>
		<website>https://www.facebook.com/Tvsupertuga.team/</website>
	</extension>
</addon>
