<?xml version="1.0" encoding="UTF-8" standalone="yes"?>
<addon id="script.module.streamtvsupertuga" name="Stream TVsupertuga Module" version="1.0" provider-name="Team TVsupertuga">
	<requires>
		<import addon="xbmc.python" version="2.1.0" />
	</requires>
	<extension point="xbmc.python.module" library="lib" />
	<extension point="xbmc.addon.metadata">
		<platform>all</platform>
		<summary lang="en">Stream TVsupertuga Module</summary>
		<description></description>
        <disclaimer lang="en"></disclaimer>
        <license></license>
	</extension>
</addon>