<?xml version="1.1" encoding="UTF-8" standalone="yes"?>
<addon id="script.TVsupertuga.premium"
       name="TVsupertuga Premium2"
       version="1.0"
       provider-name="TVsupertuga">
  <requires>
    <import addon="xbmc.python" version="2.1.0"/>
	<import addon="script.module.requests" />
  </requires>
  <extension point="xbmc.python.pluginsource"
            library="default.py">
        <provides>all</provides>
  </extension>
  <extension point="xbmc.addon.metadata">
    <summary lang="en">TVsupertuga Premium</summary>
    <description lang="en">Addon para uso exclusivo de clientes TVsupertuga Premium. É proibida a sua Copia. </description>
	<language>pt</language>
    <platform>all</platform>
    <license>TVsupertuga Premium 2.0</license>
	<assets>
		   <icon>resources/img/v2/icon.png</icon>
		   <fanart>resources/img/v2/fundo.png</fanart>
   </assets>
  </extension>
</addon>
