<?xml version="1.0" encoding="UTF-8" standalone="yes"?>
<addon id="script.module.TVsupertuga" name="[COLOR cyan]TV[/COLOR]-[COLOR red]supertuga[/COLOR]" version="0.0.4" provider-name="TVsupertuga">
  <requires>
    <import addon="xbmc.python" version="2.1.0"/>
	<import addon="script.module.requests" />
	<import addon="script.module.urlresolver" />
    <import addon="script.module.beautifulsoup4" />
	<import addon="script.video.F4mProxy" />
  </requires>
  <extension point="xbmc.python.pluginsource" library="default.py">
        <provides>all</provides>
  </extension>
  <extension point="xbmc.addon.metadata">
    <summary lang="pt">Dependency For TVsupertuga</summary>
    <description lang="pt">Dependency For TVsupertuga</description>
	<disclaimer lang="pt">Dependency For TVsupertuga</disclaimer>
    <platform>all</platform>
  </extension>
</addon>