<?xml version="1.0" encoding="UTF-8" standalone="yes" ?>
<addon id="script.module.live.sports" name="Script Sports" version="1.0" provider-name="TVsupertuga">
	<requires>
		<import addon="xbmc.python" version="2.25.0"/>
		<import addon="script.module.requests" />
		<import addon="script.module.parsedom" version="2.5.2"/>
		<import addon="script.module.inputstreamhelper" version="0.3.3"/>
		<import addon="script.module.resolveurl" version="5.0.00"/>
        <import addon="script.module.streamlink.base" />
	</requires>
	<extension point="xbmc.python.pluginsource" library="maintv.py">
		<provides>all</provides>
	</extension>
	<extension point="xbmc.addon.metadata">
		<description></description>
		<disclaimer></disclaimer>
		<summary></summary>
		<language></language>
		<platform>all</platform>
		<license>GNU GENERAL PUBLIC LICENSE. Version 2, June 1991</license>
		<website></website>
		<assets>
			<icon>icon.png</icon>
			<fanart>fanart.jpg</fanart>
		</assets>
	</extension>
</addon>
